id,first_name,last_name,email
1,Kimmie,Vynall,kvynall0@fema.gov
2,Patrick,Sicely,psicely1@cafepress.com
3,Tybi,Feasey,tfeasey2@hatena.ne.jp
4,Tobie,Widdison,twiddison3@ucoz.ru
5,Alvy,Lambden,alambden4@unesco.org
6,Doe,Brasener,dbrasener5@cnbc.com
7,Katleen,Kornes,kkornes6@bbc.co.uk
8,Antonie,Gowrich,agowrich7@4shared.com
9,Cristobal,Copper,ccopper8@miibeian.gov.cn
10,Drake,Van Halen,dvanhalen9@xing.com
11,Nichols,Waghorn,nwaghorna@boston.com
12,Glynda,Edeler,gedelerb@geocities.jp
13,Florry,Dunsire,fdunsirec@webmd.com
14,Frasquito,Goolding,fgooldingd@pcworld.com
15,Pasquale,Hadeke,phadekee@house.gov
16,Agace,Whewell,awhewellf@yellowbook.com
17,Phaidra,Jiri,pjirig@army.mil
18,Midge,Stanhope,mstanhopeh@mit.edu
19,Merrick,Wonham,mwonhami@youtu.be
20,Randie,Argue,rarguej@nsw.gov.au
21,Bordie,Allcott,ballcottk@cyberchimps.com
22,Keenan,Rosendale,krosendalel@1688.com
23,Felicia,McLauchlin,fmclauchlinm@wordpress.org
24,Kaela,Peealess,kpeealessn@netlog.com
25,Rosalyn,Leversha,rlevershao@yale.edu
26,Marget,Emmens,memmensp@123-reg.co.uk
27,Giacinta,Yglesias,gyglesiasq@ustream.tv
28,Liv,Nolli,lnollir@earthlink.net
29,Jenilee,Titmuss,jtitmusss@angelfire.com
30,Delcine,Dracey,ddraceyt@timesonline.co.uk
31,Blair,Forde,bfordeu@sohu.com
32,Colene,Lambrook,clambrookv@google.com.au
33,Arlie,Sitford,asitfordw@toplist.cz
34,Noelle,Estrella,nestrellax@prlog.org
35,Deck,Escolme,descolmey@bloglines.com
36,Kevyn,Hussy,khussyz@geocities.jp
37,Michael,Cordoba,mcordoba10@nyu.edu
38,Marti,Romeuf,mromeuf11@ovh.net
39,Patrizia,Mcsarry,pmcsarry12@google.co.uk
40,Gail,Davioud,gdavioud13@auda.org.au
41,Lilyan,Greated,lgreated14@europa.eu
42,Allayne,Shepstone,ashepstone15@chicagotribune.com
43,Eirena,Keelinge,ekeelinge16@adobe.com
44,Aubry,Leaver,aleaver17@msn.com
45,Edeline,Lief,elief18@spiegel.de
46,Maddie,Hrynczyk,mhrynczyk19@usatoday.com
47,Wileen,Staton,wstaton1a@about.me
48,Remus,Harriskine,rharriskine1b@delicious.com
49,Torey,Beausang,tbeausang1c@vimeo.com
50,Danyelle,Hawarden,dhawarden1d@census.gov
51,Bartholomeus,Bartelet,bbartelet1e@deliciousdays.com
52,Gusta,McKeon,gmckeon1f@theguardian.com
53,Norbie,Fleckney,nfleckney1g@yellowbook.com
54,Pancho,Seton,pseton1h@reverbnation.com
55,Heath,Castellaccio,hcastellaccio1i@go.com
56,Vanna,Cuddehay,vcuddehay1j@plala.or.jp
57,Mehetabel,Crickmer,mcrickmer1k@thetimes.co.uk
58,Eveline,Pridie,epridie1l@senate.gov
59,Nani,Loade,nloade1m@washington.edu
60,Lucretia,Cowx,lcowx1n@vimeo.com
61,Carolyn,Ebbin,cebbin1o@rediff.com
62,Neill,Asbrey,nasbrey1p@livejournal.com
63,Miof mela,Van Son,mvanson1q@hibu.com
64,Minor,Ablitt,mablitt1r@nasa.gov
65,Dorris,Lewzey,dlewzey1s@fda.gov
66,Consolata,Kleinstein,ckleinstein1t@qq.com
67,Eb,Gummow,egummow1u@4shared.com
68,Guthrey,Gavrielli,ggavrielli1v@scribd.com
69,Baldwin,Finch,bfinch1w@berkeley.edu
70,Maurine,Ravenscraft,mravenscraft1x@comsenz.com
71,Steward,Donlon,sdonlon1y@nydailynews.com
72,Carling,Burney,cburney1z@japanpost.jp
73,Alard,Ney,aney20@dell.com
74,Cordy,Jehan,cjehan21@mediafire.com
75,Eziechiele,Ashfield,eashfield22@jalbum.net
76,Sanders,Titcomb,stitcomb23@craigslist.org
77,Evie,Biddles,ebiddles24@1und1.de
78,Bernelle,Whitehair,bwhitehair25@usnews.com
79,Lyle,Kulvear,lkulvear26@slate.com
80,Boy,Carse,bcarse27@earthlink.net
81,Davita,Andreoletti,dandreoletti28@newsvine.com
82,Kimberly,Ekless,kekless29@google.co.uk
83,Delcina,Hardison,dhardison2a@irs.gov
84,Collen,Harraway,charraway2b@discovery.com
85,Tracy,Kliemann,tkliemann2c@uiuc.edu
86,Cecilius,Raraty,craraty2d@smugmug.com
87,Obadias,Bigadike,obigadike2e@abc.net.au
88,Marv,Shirer,mshirer2f@wordpress.org
89,Otes,Oldfield-Cherry,ooldfieldcherry2g@google.co.uk
90,Hadleigh,Fader,hfader2h@domainmarket.com
91,Baudoin,Dinse,bdinse2i@dagondesign.com
92,Ingemar,Berge,iberge2j@elegantthemes.com
93,Nester,Tonnesen,ntonnesen2k@boston.com
94,Tamiko,Camps,tcamps2l@nature.com
95,Chrysa,Wyborn,cwyborn2m@flickr.com
96,Fonz,Botler,fbotler2n@ebay.co.uk
97,Nonie,Chant,nchant2o@tumblr.com
98,Broddie,Hartfleet,bhartfleet2p@zimbio.com
99,Halie,Hallwell,hhallwell2q@goo.ne.jp
100,Jeannie,Widdocks,jwiddocks2r@stumbleupon.com
